Year,National Interagency Fire Center
1983,1.323666
1984,1.148409
1985,2.896147
1986,2.719162
1987,2.447296
1988,5.00929
1989,1.82731
1990,4.621621
1991,2.953578
1992,2.069929
1993,1.797574
1994,4.073579
1995,1.840546
1996,6.065998
1997,2.856959
1998,1.329704
1999,5.626093
2000,7.393493
2001,3.570911
2002,7.184712
2003,3.960842
2004,8.09788
2005,8.689389
2006,9.873745
2007,9.328045
2008,5.292468
2009,5.921786
2010,3.422724
2011,8.711367
2012,9.326238
2013,4.319546
2014,3.595613
2015,10.125149
